R-factor,RMSD,Overlap,Interface size,Aligned file
-0.79,0.359,300,130,8PJE_E_039_alnd.pdb
-0.789,0.184,431,179,5NJ9_B_831_alnd.pdb
-0.785,0.259,463,126,6WQA_A_425_alnd.pdb
-0.784,0.255,452,128,6WQA_A_816_alnd.pdb
-0.781,0.438,295,102,2C1E_A_679_alnd.pdb
-0.78,0.389,458,186,7P70_A_394_alnd.pdb
-0.778,0.439,405,126,3ABH_B_255_alnd.pdb
-0.774,0.347,466,178,7P70_A_606_alnd.pdb
-0.773,0.251,396,135,4LWW_B_961_alnd.pdb
-0.773,0.438,429,154,6FNG_A_264_alnd.pdb
-0.772,0.357,418,187,5V88_A_711_alnd.pdb
-0.772,0.412,484,150,3MRM_A_356_alnd.pdb
-0.77,0.418,289,103,5LE5_H_411_alnd.pdb
-0.767,0.16,450,164,5WPZ_F_232_alnd.pdb
-0.767,0.443,406,167,5F9S_A_473_alnd.pdb
-0.764,0.197,286,138,7N3T_A_968_alnd.pdb
-0.763,0.378,478,175,1PL6_B_824_alnd.pdb
-0.762,0.409,310,132,5VWF_A_912_alnd.pdb
-0.76,0.455,473,186,5GS3_A_735_alnd.pdb
-0.759,0.315,477,179,6LPJ_A_188_alnd.pdb
-0.758,0.047,353,138,3O2G_A_875_alnd.pdb
-0.758,0.148,395,132,4OYZ_A_692_alnd.pdb
-0.755,0.268,484,176,7MJ8_A_590_alnd.pdb
-0.755,0.405,341,131,7YG3_A_622_alnd.pdb
-0.753,0.085,456,178,4C9B_B_259_alnd.pdb
-0.753,0.412,426,152,5F9S_A_362_alnd.pdb
-0.752,0.333,422,173,8WGF_A_596_alnd.pdb
-0.751,0.307,481,196,6MFG_E_104_alnd.pdb
-0.745,0.156,477,183,4C9B_B_604_alnd.pdb
-0.745,0.371,446,173,7T0T_F_873_alnd.pdb
-0.745,0.429,453,177,8JJW_B_010_alnd.pdb
-0.744,0.215,355,144,1RHH_B_614_alnd.pdb
-0.743,0.063,350,147,4C5W_A_820_alnd.pdb
-0.743,0.393,439,170,6VBO_L_038_alnd.pdb
-0.743,0.44,498,230,4DZB_A_620_alnd.pdb
-0.742,0.123,343,149,4C5W_A_163_alnd.pdb
-0.741,0.192,263,101,4K7F_D_193_alnd.pdb
-0.741,0.331,453,178,8TFE_A_068_alnd.pdb
-0.741,0.379,458,184,3MLY_M_425_alnd.pdb
-0.741,0.451,424,197,4P3W_C_422_alnd.pdb
-0.74,0.157,401,135,5C38_A_958_alnd.pdb
-0.738,0.449,441,184,1O04_A_116_alnd.pdb
-0.736,0.261,261,108,4K7F_D_894_alnd.pdb
-0.733,0.394,271,113,6U3M_D_082_alnd.pdb
-0.732,0.436,295,105,5LEY_H_926_alnd.pdb
-0.731,0.358,339,200,2XDP_A_065_alnd.pdb
-0.728,0.439,491,161,5YBU_A_155_alnd.pdb
-0.723,0.392,450,170,8JJW_B_720_alnd.pdb
-0.721,0.235,290,111,4K7F_D_797_alnd.pdb
-0.72,0.442,486,154,5YBU_A_739_alnd.pdb
